30213|N|35-Bronzeville-IIT (Harlem-bound)|35th-Bronzeville-IIT|35th-Bronzeville-IIT (Green Line)|41120|TRUE|FALSE|FALSE|TRUE|FALSE|FALSE|FALSE|FALSE|FALSE|FALSE|(41.831677, -87.625826)
30214|S|35-Bronzeville-IIT (63rd-bound)|35th-Bronzeville-IIT|35th-Bronzeville-IIT (Green Line)|41120|TRUE|FALSE|FALSE|TRUE|FALSE|FALSE|FALSE|FALSE|FALSE|FALSE|(41.831677, -87.625826)
30382|S|Cermak-McCormick Place (63rd-bound)|Cermak-McCormick Place|Cermak-McCormick Place (Green Line)|41690|TRUE|||TRUE|||||||(41.853115, -87.626402)
30381|N|Cermak-McCormick Place (Harlem-bound)|Cermak-McCormick Place|Cermak-McCormick Place (Green Line)|41690|TRUE|||TRUE|||||||(41.853115, -87.626402)
30081|S|Roosevelt (Midway-63rd-bound)|Roosevelt|Roosevelt (Red, Orange & Green Lines)|41400|TRUE|FALSE|FALSE|TRUE|FALSE|FALSE|FALSE|FALSE|FALSE|TRUE|(41.867405, -87.62659)
30080|N|Roosevelt (Loop-Harlem-bound)|Roosevelt|Roosevelt (Red, Orange & Green Lines)|41400|TRUE|FALSE|FALSE|TRUE|FALSE|FALSE|FALSE|FALSE|FALSE|TRUE|(41.867405, -87.62659)
30269|N|Roosevelt (Howard-bound)|Roosevelt|Roosevelt (Red, Orange & Green Lines)|41400|TRUE|TRUE|FALSE|FALSE|FALSE|FALSE|FALSE|FALSE|FALSE|FALSE|(41.867368, -87.627402)
30270|S|Roosevelt (95th-bound)|Roosevelt|Roosevelt (Red, Orange & Green Lines)|41400|TRUE|TRUE|FALSE|FALSE|FALSE|FALSE|FALSE|FALSE|FALSE|FALSE|(41.867368, -87.627402)
