30161|E|18th (Loop-bound)|18th|18th (Pink Line)|40830|TRUE|FALSE|FALSE|FALSE|FALSE|FALSE|FALSE|FALSE|TRUE|FALSE|(41.857908, -87.669147)
30162|W|18th (54th/Cermak-bound)|18th|18th (Pink Line)|40830|TRUE|FALSE|FALSE|FALSE|FALSE|FALSE|FALSE|FALSE|TRUE|FALSE|(41.857908, -87.669147)
30022|N|35th/Archer (Loop-bound)|35th/Archer|35th/Archer (Orange Line)|40120|TRUE|FALSE|FALSE|FALSE|FALSE|FALSE|FALSE|FALSE|FALSE|TRUE|(41.829353, -87.680622)
30023|S|35th/Archer (Midway-bound)|35th/Archer|35th/Archer (Orange Line)|40120|TRUE|FALSE|FALSE|FALSE|FALSE|FALSE|FALSE|FALSE|FALSE|TRUE|(41.829353, -87.680622)
30213|N|35-Bronzeville-IIT (Harlem-bound)|35th-Bronzeville-IIT|35th-Bronzeville-IIT (Green Line)|41120|TRUE|FALSE|FALSE|TRUE|FALSE|FALSE|FALSE|FALSE|FALSE|FALSE|(41.831677, -87.625826)
30214|S|35-Bronzeville-IIT (63rd-bound)|35th-Bronzeville-IIT|35th-Bronzeville-IIT (Green Line)|41120|TRUE|FALSE|FALSE|TRUE|FALSE|FALSE|FALSE|FALSE|FALSE|FALSE|(41.831677, -87.625826)
30245|N|43rd (Harlem-bound)|43rd|43rd (Green Line)|41270|TRUE|FALSE|FALSE|TRUE|FALSE|FALSE|FALSE|FALSE|FALSE|FALSE|(41.816462, -87.619021)
30246|S|43rd (63rd-bound)|43rd|43rd (Green Line)|41270|TRUE|FALSE|FALSE|TRUE|FALSE|FALSE|FALSE|FALSE|FALSE|FALSE|(41.816462, -87.619021)
30210|S|47th (63rd-bound)|47th|47th (Green Line)|41080|TRUE|FALSE|FALSE|TRUE|FALSE|FALSE|FALSE|FALSE|FALSE|FALSE|(41.809209, -87.618826)
30237|N|47th (Howard-bound)|47th|47th (Red Line)|41230|TRUE|TRUE|FALSE|FALSE|FALSE|FALSE|FALSE|FALSE|FALSE|FALSE|(41.810318, -87.63094)
30209|N|47th (Harlem-bound)|47th|47th (Green Line)|41080|TRUE|FALSE|FALSE|TRUE|FALSE|FALSE|FALSE|FALSE|FALSE|FALSE|(41.809209, -87.618826)
30238|S|47th (95th-bound)|47th|47th (Red Line)|41230|TRUE|TRUE|FALSE|FALSE|FALSE|FALSE|FALSE|FALSE|FALSE|FALSE|(41.810318, -87.63094)
30024|N|51st (Harlem-bound)|51st|51st (Green Line)|40130|TRUE|FALSE|FALSE|TRUE|FALSE|FALSE|FALSE|FALSE|FALSE|FALSE|(41.80209, -87.618487)
30025|S|51st (63rd-bound)|51st|51st (Green Line)|40130|TRUE|FALSE|FALSE|TRUE|FALSE|FALSE|FALSE|FALSE|FALSE|FALSE|(41.80209, -87.618487)
30113|E|54th/Cermak (Loop-bound)|54th/Cermak|54th/Cermak (Pink Line)|40580|TRUE|FALSE|FALSE|FALSE|FALSE|FALSE|FALSE|FALSE|TRUE|FALSE|(41.85177331, -87.75669201)
30114|W|54th/Cermak (Terminal arrival)|54th/Cermak|54th/Cermak (Pink Line)|40580|TRUE|FALSE|FALSE|FALSE|FALSE|FALSE|FALSE|FALSE|TRUE|FALSE|(41.85177331, -87.75669201)
30177|N|63rd (Howard-bound)|63rd|63rd (Red Line)|40910|TRUE|TRUE|FALSE|FALSE|FALSE|FALSE|FALSE|FALSE|FALSE|FALSE|(41.780536, -87.630952)
30178|S|63rd (95th-bound)|63rd|63rd (Red Line)|40910|TRUE|TRUE|FALSE|FALSE|FALSE|FALSE|FALSE|FALSE|FALSE|FALSE|(41.780536, -87.630952)
30191|N|69th (Howard-bound)|69th|69th (Red Line)|40990|TRUE|TRUE|FALSE|FALSE|FALSE|FALSE|FALSE|FALSE|FALSE|FALSE|(41.768367, -87.625724)
30192|S|69th (95th-bound)|69th|69th (Red Line)|40990|TRUE|TRUE|FALSE|FALSE|FALSE|FALSE|FALSE|FALSE|FALSE|FALSE|(41.768367, -87.625724)
30046|N|79th (Howard-bound)|79th|79th (Red Line)|40240|TRUE|TRUE|FALSE|FALSE|FALSE|FALSE|FALSE|FALSE|FALSE|FALSE|(41.750419, -87.625112)
30047|S|79th (95th-bound)|79th|79th (Red Line)|40240|TRUE|TRUE|FALSE|FALSE|FALSE|FALSE|FALSE|FALSE|FALSE|FALSE|(41.750419, -87.625112)
30275|N|87th (Howard-bound)|87th|87th (Red Line)|41430|TRUE|TRUE|FALSE|FALSE|FALSE|FALSE|FALSE|FALSE|FALSE|FALSE|(41.735372, -87.624717)
30276|S|87th (95th-bound)|87th|87th (Red Line)|41430|TRUE|TRUE|FALSE|FALSE|FALSE|FALSE|FALSE|FALSE|FALSE|FALSE|(41.735372, -87.624717)
30089|S|95th/Dan Ryan (95th-bound)|95th/Dan Ryan|95th/Dan Ryan (Red Line)|40450|TRUE|TRUE|FALSE|FALSE|FALSE|FALSE|FALSE|FALSE|FALSE|FALSE|(41.722377, -87.624342)
30088|N|95th/Dan Ryan (Howard-bound)|95th/Ran Ryan|95th/Ran Ryan (Red Line)|40450|TRUE|TRUE|FALSE|FALSE|FALSE|FALSE|FALSE|FALSE|FALSE|FALSE|(41.722377, -87.624342)
30132|S|Adams/Wabash (Inner Loop)|Adams/Wabash|Adams/Wabash (Brown, Green, Orange, Pink & Purple Lines)|40680|FALSE|FALSE|FALSE|TRUE|FALSE|FALSE|TRUE|FALSE|TRUE|TRUE|(41.879507, -87.626037)
30131|N|Adams/Wabash (Outer Loop)|Adams/Wabash|Adams/Wabash (Brown, Green, Orange, Pink & Purple Lines)|40680|FALSE|FALSE|FALSE|TRUE|TRUE|FALSE|FALSE|FALSE|FALSE|FALSE|(41.879507, -87.626037)
30240|S|Addison (Forest Pk-bound)|Addison|Addison (Blue Line)|41240|FALSE|FALSE|TRUE|FALSE|FALSE|FALSE|FALSE|FALSE|FALSE|FALSE|(41.94738, -87.71906)
30277|N|Addison (Kimball-bound)|Addison|Addison (Brown Line)|41440|TRUE|FALSE|FALSE|FALSE|TRUE|FALSE|FALSE|FALSE|FALSE|FALSE|(41.947028, -87.674642)
30274|S|Addison (95th-bound)|Addison|Addison (Red Line)|41420|TRUE|TRUE|FALSE|FALSE|FALSE|FALSE|FALSE|FALSE|FALSE|FALSE|(41.947428, -87.653626)
30278|S|Addison (Loop-bound)|Addison|Addison (Brown Line)|41440|TRUE|FALSE|FALSE|FALSE|TRUE|FALSE|FALSE|FALSE|FALSE|FALSE|(41.947028, -87.674642)
30273|N|Addison (Howard-bound)|Addison|Addison (Red Line)|41420|TRUE|TRUE|FALSE|FALSE|FALSE|FALSE|FALSE|FALSE|FALSE|FALSE|(41.947428, -87.653626)
30239|N|Addison (O'Hare-bound)|Addison|Addison (Blue Line)|41240|FALSE|FALSE|TRUE|FALSE|FALSE|FALSE|FALSE|FALSE|FALSE|FALSE|(41.94738, -87.71906)
30229|N|Argyle (Howard-bound)|Argyle|Argyle (Red Line)|41200|FALSE|TRUE|FALSE|FALSE|FALSE|FALSE|FALSE|FALSE|FALSE|FALSE|(41.973453, -87.65853)
30230|S|Argyle (95th-bound)|Argyle|Argyle (Red Line)|41200|FALSE|TRUE|FALSE|FALSE|FALSE|FALSE|FALSE|FALSE|FALSE|FALSE|(41.973453, -87.65853)
30128|S|Armitage (Loop-bound)|Armitage|Armitage (Brown & Purple Lines)|40660|TRUE|FALSE|FALSE|FALSE|TRUE|FALSE|TRUE|FALSE|FALSE|FALSE|(41.918217, -87.652644)
30127|N|Armitage (Kimball-Linden-bound)|Armitage|Armitage (Brown & Purple Lines)|40660|TRUE|FALSE|FALSE|FALSE|TRUE|FALSE|TRUE|FALSE|FALSE|FALSE|(41.918217, -87.652644)
30205|N|Ashland (Loop-bound)|Ashland|Ashland (Orange Line)|41060|TRUE|FALSE|FALSE|FALSE|FALSE|FALSE|FALSE|FALSE|FALSE|TRUE|(41.839234, -87.665317)
30033|E|Ashland (Loop-63rd-bound)|Ashland|Ashland (Green & Pink Lines)|40170|TRUE|FALSE|FALSE|TRUE|FALSE|FALSE|FALSE|FALSE|TRUE|FALSE|(41.885269, -87.666969)
30032|W|Ashland (Harlem-54th/Cermak-bound)|Ashland|Ashland (Green & Pink Lines)|40170|TRUE|FALSE|FALSE|TRUE|FALSE|FALSE|FALSE|FALSE|TRUE|FALSE|(41.885269, -87.666969)
30206|S|Ashland (Midway-bound)|Ashland|Ashland (Orange Line)|41060|TRUE|FALSE|FALSE|FALSE|FALSE|FALSE|FALSE|FALSE|FALSE|TRUE|(41.839234, -87.665317)
30057|W|Ashland/63rd (Terminal arrival)|Ashland/63rd|Ashland/63rd (Green Line)|40290|TRUE|FALSE|FALSE|TRUE|FALSE|FALSE|FALSE|FALSE|FALSE|FALSE|(41.77886, -87.663766)
30056|E|Ashland/63rd (Harlem-bound)|Ashland/63rd|Ashland/63rd (Green Line)|40290|TRUE|FALSE|FALSE|TRUE|FALSE|FALSE|FALSE|FALSE|FALSE|FALSE|(41.77886, -87.663766)
30001|E|Austin (O'Hare-bound)|Austin|Austin (Blue Line)|40010|FALSE|FALSE|TRUE|FALSE|FALSE|FALSE|FALSE|FALSE|FALSE|FALSE|(41.870851, -87.776812)
30002|W|Austin (Forest Pk-bound)|Austin|Austin (Blue Line)|40010|FALSE|FALSE|TRUE|FALSE|FALSE|FALSE|FALSE|FALSE|FALSE|FALSE|(41.870851, -87.776812)
30243|E|Austin (63rd-bound)|Austin|Austin (Green Line)|41260|FALSE|FALSE|FALSE|TRUE|FALSE|FALSE|FALSE|FALSE|FALSE|FALSE|(41.887293, -87.774135)
30244|W|Austin (Harlem-bound)|Austin|Austin (Green Line)|41260|FALSE|FALSE|FALSE|TRUE|FALSE|FALSE|FALSE|FALSE|FALSE|FALSE|(41.887293, -87.774135)
30258|S|Belmont (Loop-bound)|Belmont|Belmont (Red, Brown & Purple Lines)|41320|TRUE|FALSE|FALSE|FALSE|TRUE|FALSE|TRUE|FALSE|FALSE|FALSE|(41.939751, -87.65338)
30013|S|Belmont (O'Hare Branch) (Forest Pk-bound)|Belmont|Belmont (Blue Line)|40060|FALSE|FALSE|TRUE|FALSE|FALSE|FALSE|FALSE|FALSE|FALSE|FALSE|(41.938132, -87.712359)
30012|N|Belmont (O'Hare Branch) (O'Hare-bound)|Belmont|Belmont (Blue Line)|40060|FALSE|FALSE|TRUE|FALSE|FALSE|FALSE|FALSE|FALSE|FALSE|FALSE|(41.938132, -87.712359)
30256|S|Belmont (95th-bound)|Belmont|Belmont (Red, Brown & Purple Lines)|41320|TRUE|TRUE|FALSE|FALSE|FALSE|FALSE|FALSE|FALSE|FALSE|FALSE|(41.939751, -87.65338)
30255|N|Belmont (Howard-bound)|Belmont|Belmont (Red, Brown & Purple Lines)|41320|TRUE|TRUE|FALSE|FALSE|FALSE|FALSE|FALSE|FALSE|FALSE|FALSE|(41.939751, -87.65338)
30257|N|Belmont (Kimball-Linden-bound)|Belmont|Belmont (Red, Brown & Purple Lines)|41320|TRUE|FALSE|FALSE|FALSE|TRUE|FALSE|TRUE|FALSE|FALSE|FALSE|(41.939751, -87.65338)
30067|S|Berwyn (95th-bound)|Berwyn|Berwyn (Red Line)|40340|FALSE|TRUE|FALSE|FALSE|FALSE|FALSE|FALSE|FALSE|FALSE|FALSE|(41.977984, -87.658668)
30066|N|Berwyn (Howard-bound)|Berwyn|Berwyn (Red Line)|40340|FALSE|TRUE|FALSE|FALSE|FALSE|FALSE|FALSE|FALSE|FALSE|FALSE|(41.977984, -87.658668)
30267|N|Bryn Mawr (Howard-bound)|Bryn Mawr|Bryn Mawr (Red Line)|41380|FALSE|TRUE|FALSE|FALSE|FALSE|FALSE|FALSE|FALSE|FALSE|FALSE|(41.983504, -87.65884)
30268|S|Bryn Mawr (95th-bound)|Bryn Mawr|Bryn Mawr (Red Line)|41380|FALSE|TRUE|FALSE|FALSE|FALSE|FALSE|FALSE|FALSE|FALSE|FALSE|(41.983504, -87.65884)
30086|E|California (Loop-bound)|California|California (Pink Line)|40440|TRUE|FALSE|FALSE|FALSE|FALSE|FALSE|FALSE|FALSE|TRUE|FALSE|(41.854109, -87.694774)
30087|W|California (54th/Cermak-bound)|California|California (Pink Line)|40440|TRUE|FALSE|FALSE|FALSE|FALSE|FALSE|FALSE|FALSE|TRUE|FALSE|(41.854109, -87.694774)
30111|N|California (O'Hare-bound)|California|California (Blue Line)|40570|FALSE|FALSE|TRUE|FALSE|FALSE|FALSE|FALSE|FALSE|FALSE|FALSE|(41.921939, -87.69689)
30112|S|California (Forest Pk-bound)|California|California  (Blue Line)|40570|FALSE|FALSE|TRUE|FALSE|FALSE|FALSE|FALSE|FALSE|FALSE|FALSE|(41.921939, -87.69689)
30266|W|California (Harlem-bound)|California|California (Green Line)|41360|TRUE|FALSE|FALSE|TRUE|FALSE|FALSE|FALSE|FALSE|FALSE|FALSE|(41.88422, -87.696234)
30265|E|California (63rd-bound)|California|California (Green Line)|41360|TRUE|FALSE|FALSE|TRUE|FALSE|FALSE|FALSE|FALSE|FALSE|FALSE|(41.88422, -87.696234)
30242|S|Central (Howard-Loop-bound)|Central|Central (Purple Line)|41250|FALSE|FALSE|FALSE|FALSE|FALSE|TRUE|TRUE|FALSE|FALSE|FALSE|(42.063987, -87.685617)
30241|N|Central (Linden-bound)|Central|Central (Purple Line)|41250|FALSE|FALSE|FALSE|FALSE|FALSE|TRUE|TRUE|FALSE|FALSE|FALSE|(42.063987, -87.685617)
30055|W|Central (Harlem-bound)|Central|Central (Green Line)|40280|TRUE|FALSE|FALSE|TRUE|FALSE|FALSE|FALSE|FALSE|FALSE|FALSE|(41.887389, -87.76565)
30054|E|Central (63rd-bound)|Central|Central (Green Line)|40280|TRUE|FALSE|FALSE|TRUE|FALSE|FALSE|FALSE|FALSE|FALSE|FALSE|(41.887389, -87.76565)
30151|E|Central Park (Loop-bound)|Central Park|Central Park (Pink Line)|40780|TRUE|FALSE|FALSE|FALSE|FALSE|FALSE|FALSE|FALSE|TRUE|FALSE|(41.853839, -87.714842)
30152|W|Central Park (54th/Cermak-bound)|Central Park|Central Park (Pink Line)|40780|TRUE|FALSE|FALSE|FALSE|FALSE|FALSE|FALSE|FALSE|TRUE|FALSE|(41.853839, -87.714842)
30194|S|Cermak-Chinatown (95th-bound)|Cermak-Chinatown|Cermak-Chinatown (Red Line)|41000|TRUE|TRUE|FALSE|FALSE|FALSE|FALSE|FALSE|FALSE|FALSE|FALSE|(41.853206, -87.630968)
30193|N|Cermak-Chinatown (Howard-bound)|Cermak-Chinatown|Cermak-Chinatown (Red Line)|41000|TRUE|TRUE|FALSE|FALSE|FALSE|FALSE|FALSE|FALSE|FALSE|FALSE|(41.853206, -87.630968)
30382|S|Cermak-McCormick Place (63rd-bound)|Cermak-McCormick Place|Cermak-McCormick Place (Green Line)|41690|TRUE|||TRUE|||||||(41.853115, -87.626402)
30381|N|Cermak-McCormick Place (Harlem-bound)|Cermak-McCormick Place|Cermak-McCormick Place (Green Line)|41690|TRUE|||TRUE|||||||(41.853115, -87.626402)
30138|S|Chicago (Loop-bound)|Chicago|Chicago (Brown & Purple Lines)|40710|TRUE|FALSE|FALSE|FALSE|TRUE|FALSE|TRUE|FALSE|FALSE|FALSE|(41.89681, -87.635924)
30271|N|Chicago (O'Hare-bound)|Chicago|Chicago (Blue Line)|41410|FALSE|FALSE|TRUE|FALSE|FALSE|FALSE|FALSE|FALSE|FALSE|FALSE|(41.896075, -87.655214)
30272|S|Chicago (Forest Pk-bound)|Chicago|Chicago (Blue Line)|41410|FALSE|FALSE|TRUE|FALSE|FALSE|FALSE|FALSE|FALSE|FALSE|FALSE|(41.896075, -87.655214)
30279|N|Chicago (Howard-bound)|Chicago|Chicago (Red Line)|41450|TRUE|TRUE|FALSE|FALSE|FALSE|FALSE|FALSE|FALSE|FALSE|FALSE|(41.896671, -87.628176)
30280|S|Chicago (95th-bound)|Chicago|Chicago (Red Line)|41450|TRUE|TRUE|FALSE|FALSE|FALSE|FALSE|FALSE|FALSE|FALSE|FALSE|(41.896671, -87.628176)
30137|N|Chicago (Kimball-Linden-bound)|Chicago|Chicago (Brown & Purple Lines)|40710|TRUE|FALSE|FALSE|FALSE|TRUE|FALSE|TRUE|FALSE|FALSE|FALSE|(41.89681, -87.635924)
30187|E|Cicero (O'Hare-bound)|Cicero|Cicero (Blue Line)|40970|FALSE|FALSE|TRUE|FALSE|FALSE|FALSE|FALSE|FALSE|FALSE|FALSE|(41.871574, -87.745154)
30083|W|Cicero (54th/Cermak-bound)|Cicero|Cicero (Pink Line)|40420|TRUE|FALSE|FALSE|FALSE|FALSE|FALSE|FALSE|FALSE|TRUE|FALSE|(41.85182, -87.745336)
30082|E|Cicero (Loop-bound)|Cicero|Cicero (Pink Line)|40420|TRUE|FALSE|FALSE|FALSE|FALSE|FALSE|FALSE|FALSE|TRUE|FALSE|(41.85182, -87.745336)
30188|W|Cicero (Forest Pk-bound)|Cicero|Cicero (Blue Line)|40970|FALSE|FALSE|TRUE|FALSE|FALSE|FALSE|FALSE|FALSE|FALSE|FALSE|(41.871574, -87.745154)
30009|W|Cicero (Harlem-bound)|Cicero|Cicero (Green Line)|40480|TRUE|FALSE|FALSE|TRUE|FALSE|FALSE|FALSE|FALSE|FALSE|FALSE|(41.886519, -87.744698)
30094|E|Cicero (63rd-bound)|Cicero|Cicero (Green Line)|40480|TRUE|FALSE|FALSE|TRUE|FALSE|FALSE|FALSE|FALSE|FALSE|FALSE|(41.886519, -87.744698)
30122|S|Clark/Division (95th-bound)|Clark/Division|Clark/Division (Red Line)|40630|FALSE|TRUE|FALSE|FALSE|FALSE|FALSE|FALSE|FALSE|FALSE|FALSE|(41.90392, -87.631412)
30121|N|Clark/Division (Howard-bound)|Clark/Division|Clark/Division (Red Line)|40630|TRUE|TRUE|FALSE|FALSE|FALSE|FALSE|FALSE|FALSE|FALSE|FALSE|(41.90392, -87.631412)
30074|E|Clark/Lake (Inner Loop)|Clark/Lake|Clark/Lake (Blue, Brown, Green, Orange, Purple & Pink Lines)|40380|TRUE|FALSE|FALSE|TRUE|FALSE|FALSE|TRUE|FALSE|TRUE|TRUE|(41.885737, -87.630886)
30075|W|Clark/Lake (Outer Loop)|Clark/Lake|Clark/Lake (Blue, Brown, Green, Orange, Purple & Pink Lines)|40380|TRUE|FALSE|FALSE|TRUE|TRUE|FALSE|FALSE|FALSE|FALSE|FALSE|(41.885737, -87.630886)
30374|S|Clark/Lake (Forest Pk-bound)|Clark/Lake|Clark/Lake (Blue, Brown, Green, Orange, Purple & Pink Lines)|40380|TRUE|FALSE|TRUE|FALSE|FALSE|FALSE|FALSE|FALSE|FALSE|FALSE|(41.885737, -87.630886)
30375|N|Clark/Lake (O'Hare-bound)|Clark/Lake|Clark/Lake (Blue, Brown, Green, Orange, Purple & Pink Lines)|40380|TRUE|FALSE|TRUE|FALSE|FALSE|FALSE|FALSE|FALSE|FALSE|FALSE|(41.885737, -87.630886)
30222|W|Clinton (Harlem-54th/Cermak-bound)|Clinton|Clinton (Green & Pink Lines)|41160|TRUE|FALSE|FALSE|TRUE|FALSE|FALSE|FALSE|FALSE|TRUE|FALSE|(41.885678, -87.641782)
30221|E|Clinton (Loop-63rd-bound)|Clinton|Clinton (Green & Pink Lines)|41160|TRUE|FALSE|FALSE|TRUE|FALSE|FALSE|FALSE|FALSE|TRUE|FALSE|(41.885678, -87.641782)
30085|W|Clinton (Forest Pk-bound)|Clinton|Clinton (Blue Line)|40430|FALSE|FALSE|TRUE|FALSE|FALSE|FALSE|FALSE|FALSE|FALSE|FALSE|(41.875539, -87.640984)
30084|E|Clinton (O'Hare-bound)|Clinton|Clinton (Blue Line)|40430|FALSE|FALSE|TRUE|FALSE|FALSE|FALSE|FALSE|FALSE|FALSE|FALSE|(41.875539, -87.640984)
30291|E|Conservatory (63rd-bound)|Conservatory|Conservatory (Green Line)|41670|TRUE|FALSE|FALSE|TRUE|FALSE|FALSE|FALSE|FALSE|FALSE|FALSE|(41.884904, -87.716523)
30292|W|Conservatory (Harlem-bound)|Conservatory|Conservatory (Green Line)|41670|TRUE|FALSE|FALSE|TRUE|FALSE|FALSE|FALSE|FALSE|FALSE|FALSE|(41.884904, -87.716523)
30140|W|Cottage Grove (Harlem-bound)|Cottage Grove|Cottage Grove (Green Line)|40720|TRUE|FALSE|FALSE|TRUE|FALSE|FALSE|FALSE|FALSE|FALSE|FALSE|(41.780309, -87.605857)
30139|E|Cottage Grove (Terminal arrival)|Cottage Grove|Cottage Grove (Green Line)|40720|TRUE|FALSE|FALSE|TRUE|FALSE|FALSE|FALSE|FALSE|FALSE|FALSE|(41.780309, -87.605857)
30044|N|Cumberland (O'Hare-bound)|Cumberland|Cumberland (Blue Line)|40230|TRUE|FALSE|TRUE|FALSE|FALSE|FALSE|FALSE|FALSE|FALSE|FALSE|(41.984246, -87.838028)
30045|S|Cumberland (Forest Pk-bound)|Cumberland|Cumberland (Blue Line)|40230|TRUE|FALSE|TRUE|FALSE|FALSE|FALSE|FALSE|FALSE|FALSE|FALSE|(41.984246, -87.838028)
30019|S|Damen (Loop-bound)|Damen|Damen (Brown Line)|40090|TRUE|FALSE|FALSE|FALSE|TRUE|FALSE|FALSE|FALSE|FALSE|FALSE|(41.966286, -87.678639)
30041|W|Damen (54th/Cermak-bound)|Damen|Damen (Pink Line)|40210|TRUE|FALSE|FALSE|FALSE|FALSE|FALSE|FALSE|FALSE|TRUE|FALSE|(41.854517, -87.675975)
30040|E|Damen (Loop-bound)|Damen|Damen (Pink Line)|40210|TRUE|FALSE|FALSE|FALSE|FALSE|FALSE|FALSE|FALSE|TRUE|FALSE|(41.854517, -87.675975)
30116|S|Damen/Milwaukee (Forest Pk-bound)|Damen|Damen (Blue Line)|40590|FALSE|FALSE|TRUE|FALSE|FALSE|FALSE|FALSE|FALSE|FALSE|FALSE|(41.909744, -87.677437)
30115|N|Damen/Milwaukee (O'Hare-bound)|Damen|Damen (Blue Line)|40590|FALSE|FALSE|TRUE|FALSE|FALSE|FALSE|FALSE|FALSE|FALSE|FALSE|(41.909744, -87.677437)
30018|N|Damen (Kimball-bound)|Damen|Damen (Brown Line)|40090|TRUE|FALSE|FALSE|FALSE|TRUE|FALSE|FALSE|FALSE|FALSE|FALSE|(41.966286, -87.678639)
30010|N|Davis (Linden-bound)|Davis|Davis (Purple Line)|40050|TRUE|FALSE|FALSE|FALSE|FALSE|TRUE|TRUE|FALSE|FALSE|FALSE|(42.04771, -87.683543)
30011|S|Davis (Howard-Loop-bound)|Davis|Davis (Purple Line)|40050|TRUE|FALSE|FALSE|FALSE|FALSE|TRUE|TRUE|FALSE|FALSE|FALSE|(42.04771, -87.683543)
30133|N|Dempster (Linden-bound)|Dempster|Dempster (Purple Line)|40690|FALSE|FALSE|FALSE|FALSE|FALSE|TRUE|TRUE|FALSE|FALSE|FALSE|(42.041655, -87.681602)
30134|S|Dempster (Howard-Loop-bound)|Dempster|Dempster (Purple Line)|40690|FALSE|FALSE|FALSE|FALSE|FALSE|TRUE|TRUE|FALSE|FALSE|FALSE|(42.041655, -87.681602)
30026|N|Dempster-Skokie (Arrival)|Dempster-Skokie|Dempster-Skokie  (Yellow Line)|40140|TRUE|FALSE|FALSE|FALSE|FALSE|FALSE|FALSE|TRUE|FALSE|FALSE|(42.038951, -87.751919)
30027|S|Dempster-Skokie (Howard-bound)|Dempster-Skokie|Dempster-Skokie  (Yellow Line)|40140|TRUE|FALSE|FALSE|FALSE|FALSE|FALSE|FALSE|TRUE|FALSE|FALSE|(42.038951, -87.751919)
30103|N|Diversey (Kimball-Linden-bound)|Diversey|Diversey (Brown & Purple Lines)|40530|TRUE|FALSE|FALSE|FALSE|TRUE|FALSE|TRUE|FALSE|FALSE|FALSE|(41.932732, -87.653131)
30104|S|Diversey (Loop-bound)|Diversey|Diversey (Brown & Purple Lines)|40530|TRUE|FALSE|FALSE|FALSE|TRUE|FALSE|TRUE|FALSE|FALSE|FALSE|(41.932732, -87.653131)
30062|N|Division (O'Hare-bound)|Division|Division (Blue Line)|40320|FALSE|FALSE|TRUE|FALSE|FALSE|FALSE|FALSE|FALSE|FALSE|FALSE|(41.903355, -87.666496)
30063|S|Division (Forest Pk-bound)|Division|Division (Blue Line)|40320|FALSE|FALSE|TRUE|FALSE|FALSE|FALSE|FALSE|FALSE|FALSE|FALSE|(41.903355, -87.666496)
30077|W|Forest Park (Terminal Arrival)|Forest Park|Forest Park (Blue Line)|40390|TRUE|FALSE|TRUE|FALSE|FALSE|FALSE|FALSE|FALSE|FALSE|FALSE|(41.874257, -87.817318)
30076|E|Forest Park (O'Hare-bound)|Forest Park|Forest Park (Blue Line)|40390|TRUE|FALSE|TRUE|FALSE|FALSE|FALSE|FALSE|FALSE|FALSE|FALSE|(41.874257, -87.817318)
30101|N|Foster (Linden-bound)|Foster|Foster (Purple Line)|40520|FALSE|FALSE|FALSE|FALSE|FALSE|TRUE|TRUE|FALSE|FALSE|FALSE|(42.05416, -87.68356)
30102|S|Foster (Howard-Loop-bound)|Foster|Foster (Purple Line)|40520|FALSE|FALSE|FALSE|FALSE|FALSE|TRUE|TRUE|FALSE|FALSE|FALSE|(42.05416, -87.68356)
30168|S|Francisco (Loop-bound)|Francisco|Francisco (Brown Line)|40870|TRUE|FALSE|FALSE|FALSE|TRUE|FALSE|FALSE|FALSE|FALSE|FALSE|(41.966046, -87.701644)
30167|N|Francisco (Kimball-bound)|Francisco|Francisco (Brown Line)|40870|TRUE|FALSE|FALSE|FALSE|TRUE|FALSE|FALSE|FALSE|FALSE|FALSE|(41.966046, -87.701644)
30234|S|Fullerton (95th-bound)|Fullerton|Fullerton (Red, Brown & Purple Lines)|41220|TRUE|TRUE|FALSE|FALSE|FALSE|FALSE|FALSE|FALSE|FALSE|FALSE|(41.925051, -87.652866)
30236|S|Fullerton (Loop-bound)|Fullerton|Fullerton (Red, Brown & Purple Lines)|41220|TRUE|FALSE|FALSE|FALSE|TRUE|FALSE|TRUE|FALSE|FALSE|FALSE|(41.925051, -87.652866)
30235|N|Fullerton (Kimball-Linden-bound)|Fullerton|Fullerton (Red, Brown & Purple Lines)|41220|TRUE|FALSE|FALSE|FALSE|TRUE|FALSE|TRUE|FALSE|FALSE|FALSE|(41.925051, -87.652866)
30233|N|Fullerton (Howard-bound)|Fullerton|Fullerton (Red, Brown & Purple Lines)|41220|TRUE|TRUE|FALSE|FALSE|FALSE|FALSE|FALSE|FALSE|FALSE|FALSE|(41.925051, -87.652866)
30100|S|Garfield (63rd-bound)|Garfield|Garfield (Green Line)|40510|TRUE|FALSE|FALSE|TRUE|FALSE|FALSE|FALSE|FALSE|FALSE|FALSE|(41.795172, -87.618327)
30224|S|Garfield (95th-bound)|Garfield|Garfield (Red Line)|41170|TRUE|TRUE|FALSE|FALSE|FALSE|FALSE|FALSE|FALSE|FALSE|FALSE|(41.79542, -87.631157)
30223|N|Garfield (Howard-bound)|Garfield|Garfield (Red Line)|41170|TRUE|TRUE|FALSE|FALSE|FALSE|FALSE|FALSE|FALSE|FALSE|FALSE|(41.79542, -87.631157)
30099|N|Garfield (Harlem-bound)|Garfield|Garfield (Green Line)|40510|TRUE|FALSE|FALSE|TRUE|FALSE|FALSE|FALSE|FALSE|FALSE|FALSE|(41.795172, -87.618327)
30096|S|Grand/Milwaukee (Forest Pk-bound)|Grand|Grand (Blue Line)|40490|FALSE|FALSE|TRUE|FALSE|FALSE|FALSE|FALSE|FALSE|FALSE|FALSE|(41.891189, -87.647578)
30064|N|Grand/State (Howard-bound)|Grand|Grand (Red Line)|40330|TRUE|TRUE|FALSE|FALSE|FALSE|FALSE|FALSE|FALSE|FALSE|FALSE|(41.891665, -87.628021)
30065|S|Grand/State (95th-bound)|Grand|Grand (Red Line)|40330|TRUE|TRUE|FALSE|FALSE|FALSE|FALSE|FALSE|FALSE|FALSE|FALSE|(41.891665, -87.628021)
30095|N|Grand/Milwaukee (O'Hare-bound)|Grand|Grand (Blue Line)|40490|FALSE|FALSE|TRUE|FALSE|FALSE|FALSE|FALSE|FALSE|FALSE|FALSE|(41.891189, -87.647578)
30148|S|Granville (95th-bound)|Granville|Granville (Red Line)|40760|TRUE|TRUE|FALSE|FALSE|FALSE|FALSE|FALSE|FALSE|FALSE|FALSE|(41.993664, -87.659202)
30147|N|Granville (Howard-bound)|Granville|Granville (Red Line)|40760|TRUE|TRUE|FALSE|FALSE|FALSE|FALSE|FALSE|FALSE|FALSE|FALSE|(41.993664, -87.659202)
30183|E|Halsted/63rd (Harlem-bound)|Halsted|Halsted (Green Line)|40940|TRUE|FALSE|FALSE|TRUE|FALSE|FALSE|FALSE|FALSE|FALSE|FALSE|(41.778943, -87.644244)
30216|S|Halsted (Midway-bound)|Halsted|Halsted (Orange Line)|41130|TRUE|FALSE|FALSE|FALSE|FALSE|FALSE|FALSE|FALSE|FALSE|TRUE|(41.84678, -87.648088)
30184|W|Halsted/63rd (Ashland-bound)|Halsted|Halsted (Green Line)|40940|TRUE|FALSE|FALSE|TRUE|FALSE|FALSE|FALSE|FALSE|FALSE|FALSE|(41.778943, -87.644244)
30215|N|Halsted (Loop-bound)|Halsted|Halsted (Orange Line)|41130|TRUE|FALSE|FALSE|FALSE|FALSE|FALSE|FALSE|FALSE|FALSE|TRUE|(41.84678, -87.648088)
30189|E|Harlem (Forest Pk Branch) (O'Hare-bound)|Harlem|Harlem (Blue Line - Forest Park Branch)|40980|FALSE|FALSE|TRUE|FALSE|FALSE|FALSE|FALSE|FALSE|FALSE|FALSE|(41.87349, -87.806961)
30146|S|Harlem (O'Hare Branch) (Forest Pk-bound)|Harlem|Harlem (Blue Line - O'Hare Branch)|40750|TRUE|FALSE|TRUE|FALSE|FALSE|FALSE|FALSE|FALSE|FALSE|FALSE|(41.98227, -87.8089)
30145|N|Harlem (O'Hare Branch) (O'Hare-bound)|Harlem|Harlem (Blue Line - O'Hare Branch)|40750|TRUE|FALSE|TRUE|FALSE|FALSE|FALSE|FALSE|FALSE|FALSE|FALSE|(41.98227, -87.8089)
30190|W|Harlem (Forest Pk Branch) (Terminal arrival)|Harlem|Harlem (Blue Line - Forest Park Branch)|40980|FALSE|FALSE|TRUE|FALSE|FALSE|FALSE|FALSE|FALSE|FALSE|FALSE|(41.87349, -87.806961)
30003|E|Harlem (63rd-bound)|Harlem/Lake|Harlem/Lake (Green Line)|40020|TRUE|FALSE|FALSE|TRUE|FALSE|FALSE|FALSE|FALSE|FALSE|FALSE|(41.886848, -87.803176)
30004|W|Harlem (Terminal arrival)|Harlem/Lake|Harlem/Lake (Green Line)|40020|TRUE|FALSE|FALSE|TRUE|FALSE|FALSE|FALSE|FALSE|FALSE|FALSE|(41.886848, -87.803176)
30165|E|H.W. Library (Outer Loop)|Harold Washington Library-State/Van Buren|Harold Washington Library-State/Van Buren (Brown, Orange, Purple & Pink Lines)|40850|TRUE|FALSE|FALSE|FALSE|TRUE|FALSE|FALSE|FALSE|FALSE|FALSE|(41.876862, -87.628196)
30166|W|H.W. Library (Inner Loop)|Harold Washington Library-State/Van Buren|Harold Washington Library-State/Van Buren (Brown, Orange, Purple & Pink Lines)|40850|TRUE|FALSE|FALSE|FALSE|FALSE|FALSE|TRUE|FALSE|TRUE|TRUE|(41.876862, -87.628196)
30286|S|Harrison (95th-bound)|Harrison|Harrison (Red Line)|41490|FALSE|TRUE|FALSE|FALSE|FALSE|FALSE|FALSE|FALSE|FALSE|FALSE|(41.874039, -87.627479)
30285|N|Harrison (Howard-bound)|Harrison|Harrison (Red Line)|41490|FALSE|TRUE|FALSE|FALSE|FALSE|FALSE|FALSE|FALSE|FALSE|FALSE|(41.874039, -87.627479)
30173|N|Howard (Terminal arrival)|Howard|Howard (Red, Purple & Yellow Lines)|40900|TRUE|TRUE|FALSE|FALSE|FALSE|FALSE|FALSE|FALSE|FALSE|FALSE|(42.019063, -87.672892)
30176|S|Howard (Terminal arrival)|Howard|Howard (Red, Purple & Yellow Lines)|40900|TRUE|FALSE|FALSE|FALSE|FALSE|TRUE|TRUE|TRUE|FALSE|FALSE|(42.019063, -87.672892)
30175|N|Howard (Linden, Skokie-bound)|Howard|Howard (Red, Purple & Yellow Lines)|40900|TRUE|FALSE|FALSE|FALSE|FALSE|TRUE|TRUE|TRUE|FALSE|FALSE|(42.019063, -87.672892)
30174|S|Howard (95th-Bound)|Howard|Howard (Red, Purple & Yellow Lines)|40900|TRUE|TRUE|FALSE|FALSE|FALSE|FALSE|FALSE|FALSE|FALSE|FALSE|(42.019063, -87.672892)
30157|E|Illinois Medical District (O'Hare-bound)|Illinois Medical District|Illinois Medical District (Blue Line)|40810|TRUE|FALSE|TRUE|FALSE|FALSE|FALSE|FALSE|FALSE|FALSE|FALSE|(41.875706, -87.673932)
30158|W|Illinois Medical District (Forest Pk-bound)|Illinois Medical District|Illinois Medical District (Blue Line)|40810|TRUE|FALSE|TRUE|FALSE|FALSE|FALSE|FALSE|FALSE|FALSE|FALSE|(41.875706, -87.673932)
30059|S|Indiana (63rd-bound)|Indiana|Indiana (Green Line)|40300|TRUE|FALSE|FALSE|TRUE|FALSE|FALSE|FALSE|FALSE|FALSE|FALSE|(41.821732, -87.621371)
30058|N|Indiana (Harlem-bound)|Indiana|Indiana (Green Line)|40300|TRUE|FALSE|FALSE|TRUE|FALSE|FALSE|FALSE|FALSE|FALSE|FALSE|(41.821732, -87.621371)
30282|S|Irving Park (Loop-bound)|Irving Park|Irving Park (Brown Line)|41460|TRUE|FALSE|FALSE|FALSE|TRUE|FALSE|FALSE|FALSE|FALSE|FALSE|(41.954521, -87.674868)
30107|N|Irving Park (O'Hare Branch) (O'Hare-bound)|Irving Park|Irving Park (Blue Line)|40550|FALSE|FALSE|TRUE|FALSE|FALSE|FALSE|FALSE|FALSE|FALSE|FALSE|(41.952925, -87.729229)
30108|S|Irving Park (O'Hare Branch) (Forest Pk-bound)|Irving Park|Irving Park (Blue Line)|40550|FALSE|FALSE|TRUE|FALSE|FALSE|FALSE|FALSE|FALSE|FALSE|FALSE|(41.952925, -87.729229)
30281|N|Irving Park (Kimball-bound)|Irving Park|Irving Park (Brown Line)|41460|TRUE|FALSE|FALSE|FALSE|TRUE|FALSE|FALSE|FALSE|FALSE|FALSE|(41.954521, -87.674868)
30014|N|Jackson/Dearborn (O'Hare-bound)|Jackson|Jackson (Blue Line)|40070|TRUE|FALSE|TRUE|FALSE|FALSE|FALSE|FALSE|FALSE|FALSE|FALSE|(41.878183, -87.629296)
30110|S|Jackson/State (95th-bound)|Jackson|Jackson (Red Line)|40560|TRUE|TRUE|FALSE|FALSE|FALSE|FALSE|FALSE|FALSE|FALSE|FALSE|(41.878153, -87.627596)
30109|N|Jackson/State (Howard-bound)|Jackson|Jackson (Red Line)|40560|TRUE|TRUE|FALSE|FALSE|FALSE|FALSE|FALSE|FALSE|FALSE|FALSE|(41.878153, -87.627596)
30015|S|Jackson/Dearborn (Forest Pk-bound)|Jackson|Jackson (Blue Line)|40070|TRUE|FALSE|TRUE|FALSE|FALSE|FALSE|FALSE|FALSE|FALSE|FALSE|(41.878183, -87.629296)
30227|N|Jarvis (Howard-bound)|Jarvis|Jarvis (Red Line)|41190|FALSE|TRUE|FALSE|FALSE|FALSE|FALSE|FALSE|FALSE|FALSE|FALSE|(42.015876, -87.669092)
30228|S|Jarvis (95th-bound)|Jarvis|Jarvis (Red Line)|41190|FALSE|TRUE|FALSE|FALSE|FALSE|FALSE|FALSE|FALSE|FALSE|FALSE|(42.015876, -87.669092)
30247|N|Jefferson Park (O'Hare-bound)|Jefferson Park|Jefferson Park (Blue Line)|41280|TRUE|FALSE|TRUE|FALSE|FALSE|FALSE|FALSE|FALSE|FALSE|FALSE|(41.970634, -87.760892)
30248|S|Jefferson Park (Forest Pk-bound)|Jefferson Park|Jefferson Park (Blue Line)|41280|TRUE|FALSE|TRUE|FALSE|FALSE|FALSE|FALSE|FALSE|FALSE|FALSE|(41.970634, -87.760892)
30226|S|Kedzie (Loop-bound)|Kedzie|Kedzie (Brown Line)|41180|TRUE|FALSE|FALSE|FALSE|TRUE|FALSE|FALSE|FALSE|FALSE|FALSE|(41.965996, -87.708821)
30219|N|Kedzie (Loop-bound)|Kedzie|Kedzie (Orange Line)|41150|TRUE|FALSE|FALSE|FALSE|FALSE|FALSE|FALSE|FALSE|FALSE|TRUE|(41.804236, -87.704406)
30220|S|Kedzie (Midway-bound)|Kedzie|Kedzie (Orange Line)|41150|TRUE|FALSE|FALSE|FALSE|FALSE|FALSE|FALSE|FALSE|FALSE|TRUE|(41.804236, -87.704406)
30202|W|Kedzie (54th/Cermak-bound)|Kedzie|Kedzie (Pink Line)|41040|TRUE|FALSE|FALSE|FALSE|FALSE|FALSE|FALSE|FALSE|TRUE|FALSE|(41.853964, -87.705408)
30201|E|Kedzie (Loop-bound)|Kedzie|Kedzie (Pink Line)|41040|TRUE|FALSE|FALSE|FALSE|FALSE|FALSE|FALSE|FALSE|TRUE|FALSE|(41.853964, -87.705408)
30225|N|Kedzie (Kimball-bound)|Kedzie|Kedzie (Brown Line)|41180|TRUE|FALSE|FALSE|FALSE|TRUE|FALSE|FALSE|FALSE|FALSE|FALSE|(41.965996, -87.708821)
30207|E|Kedzie (63rd-bound)|Kedzie|Kedzie (Green Line)|41070|TRUE|FALSE|FALSE|TRUE|FALSE|FALSE|FALSE|FALSE|FALSE|FALSE|(41.884321, -87.706155)
30208|W|Kedzie (Harlem-bound)|Kedzie|Kedzie (Green Line)|41070|TRUE|FALSE|FALSE|TRUE|FALSE|FALSE|FALSE|FALSE|FALSE|FALSE|(41.884321, -87.706155)
30049|W|Kedzie-Homan (Forest Pk-bound)|Kedzie-Homan|Kedzie-Homan (Blue Line)|40250|TRUE|FALSE|TRUE|FALSE|FALSE|FALSE|FALSE|FALSE|FALSE|FALSE|(41.874341, -87.70604)
30048|E|Kedzie-Homan (O'Hare-bound)|Kedzie-Homan|Kedzie-Homan (Blue Line)|40250|TRUE|FALSE|TRUE|FALSE|FALSE|FALSE|FALSE|FALSE|FALSE|FALSE|(41.874341, -87.70604)
30249|N|Kimball (Terminal arrival)|Kimball|Kimball (Brown Line)|41290|TRUE|FALSE|FALSE|FALSE|TRUE|FALSE|FALSE|FALSE|FALSE|FALSE|(41.967901, -87.713065)
30250|S|Kimball (Loop-bound)|Kimball|Kimball (Brown Line)|41290|TRUE|FALSE|FALSE|FALSE|TRUE|FALSE|FALSE|FALSE|FALSE|FALSE|(41.967901, -87.713065)
30217|E|King Drive (Cottage Grove-bound)|King Drive|King Drive (Green Line)|41140|TRUE|FALSE|FALSE|TRUE|FALSE|FALSE|FALSE|FALSE|FALSE|FALSE|(41.78013, -87.615546)
30218|W|King Drive (Harlem-bound)|King Drive|King Drive (Green Line)|41140|TRUE|FALSE|FALSE|TRUE|FALSE|FALSE|FALSE|FALSE|FALSE|FALSE|(41.78013, -87.615546)
30117|E|Kostner (Loop-bound)|Kostner|Kostner (Pink Line)|40600|TRUE|FALSE|FALSE|FALSE|FALSE|FALSE|FALSE|FALSE|TRUE|FALSE|(41.853751, -87.733258)
30118|W|Kostner (54th/Cermak-bound)|Kostner|Kostner (Pink Line)|40600|TRUE|FALSE|FALSE|FALSE|FALSE|FALSE|FALSE|FALSE|TRUE|FALSE|(41.853751, -87.733258)
30290|S|Lake (95th-bound)|Lake|Lake (Red Line)|41660|TRUE|TRUE|FALSE|FALSE|FALSE|FALSE|FALSE|FALSE|FALSE|FALSE|(41.884809, -87.627813)
30289|N|Lake (Howard-bound)|Lake|Lake (Red Line)|41660|TRUE|TRUE|FALSE|FALSE|FALSE|FALSE|FALSE|FALSE|FALSE|FALSE|(41.884809, -87.627813)
30135|E|Laramie (63rd-bound)|Laramie|Laramie (Green Line)|40700|TRUE|FALSE|FALSE|TRUE|FALSE|FALSE|FALSE|FALSE|FALSE|FALSE|(41.887163, -87.754986)
30136|W|Laramie (Harlem-bound)|Laramie|Laramie (Green Line)|40700|TRUE|FALSE|FALSE|TRUE|FALSE|FALSE|FALSE|FALSE|FALSE|FALSE|(41.887163, -87.754986)
30262|W|LaSalle (Forest Pk-bound)|LaSalle|LaSalle (Blue Line)|41340|FALSE|FALSE|TRUE|FALSE|FALSE|FALSE|FALSE|FALSE|FALSE|FALSE|(41.875568, -87.631722)
30261|E|LaSalle (O'Hare-bound)|LaSalle|LaSalle (Blue Line)|41340|FALSE|FALSE|TRUE|FALSE|FALSE|FALSE|FALSE|FALSE|FALSE|FALSE|(41.875568, -87.631722)
30030|E|LaSalle/Van Buren (Outer Loop)|LaSalle/Van Buren|LaSalle/Van Buren (Brown, Orange, Purple & Pink Lines)|40160|FALSE|FALSE|FALSE|FALSE|TRUE|FALSE|FALSE|FALSE|FALSE|FALSE|(41.8768, -87.631739)
30031|W|LaSalle/Van Buren (Inner Loop)|LaSalle/Van Buren|LaSalle/Van Buren (Brown, Orange, Purple & Pink Lines)|40160|FALSE|FALSE|FALSE|FALSE|FALSE|FALSE|TRUE|FALSE|TRUE|TRUE|(41.8768, -87.631739)
30149|N|Lawrence (Howard-bound)|Lawrence|Lawrence (Red Line)|40770|FALSE|TRUE|FALSE|FALSE|FALSE|FALSE|FALSE|FALSE|FALSE|FALSE|(41.969139, -87.658493)
30150|S|Lawrence (95th-bound)|Lawrence|Lawrence (Red Line)|40770|FALSE|TRUE|FALSE|FALSE|FALSE|FALSE|FALSE|FALSE|FALSE|FALSE|(41.969139, -87.658493)
30203|N|Linden (Linden-bound)|Linden|Linden (Purple Line)|41050|TRUE|FALSE|FALSE|FALSE|FALSE|TRUE|TRUE|FALSE|FALSE|FALSE|(42.073153, -87.69073)
30204|S|Linden (Howard-Loop-bound)|Linden|Linden (Purple Line)|41050|TRUE|FALSE|FALSE|FALSE|FALSE|TRUE|TRUE|FALSE|FALSE|FALSE|(42.073153, -87.69073)
30197|N|Logan Square (O'Hare-bound)|Logan Square|Logan Square (Blue Line)|41020|TRUE|FALSE|TRUE|FALSE|FALSE|FALSE|FALSE|FALSE|FALSE|FALSE|(41.929728, -87.708541)
30198|S|Logan Square (Forest Pk-bound)|Logan Square|Logan Square (Blue Line)|41020|TRUE|FALSE|TRUE|FALSE|FALSE|FALSE|FALSE|FALSE|FALSE|FALSE|(41.929728, -87.708541)
30251|N|Loyola (Howard-bound)|Loyola|Loyola (Red Line)|41300|TRUE|TRUE|FALSE|FALSE|FALSE|FALSE|FALSE|FALSE|FALSE|FALSE|(42.001073, -87.661061)
30252|S|Loyola (95th-bound)|Loyola|Loyola (Red Line)|41300|TRUE|TRUE|FALSE|FALSE|FALSE|FALSE|FALSE|FALSE|FALSE|FALSE|(42.001073, -87.661061)
30124|S|Madison/Wabash (Inner Loop)|Madison/Wabash|Madison/Wabash (Brown, Green, Orange, Pink & Purple Lines)|40640|FALSE|FALSE|FALSE|TRUE|FALSE|FALSE|TRUE|FALSE|TRUE|TRUE|(41.882023, -87.626098)
30123|N|Madison/Wabash (Outer Loop)|Madison/Wabash|Madison/Wabash (Brown, Green, Orange, Pink & Purple Lines)|40640|FALSE|FALSE|FALSE|TRUE|TRUE|FALSE|FALSE|FALSE|FALSE|FALSE|(41.882023, -87.626098)
30052|N|Main (Linden-bound)|Main|Main (Purple Line)|40270|FALSE|FALSE|FALSE|FALSE|FALSE|TRUE|TRUE|FALSE|FALSE|FALSE|(42.033456, -87.679538)
30053|S|Main (Howard-Loop-bound)|Main|Main (Purple Line)|40270|FALSE|FALSE|FALSE|FALSE|FALSE|TRUE|TRUE|FALSE|FALSE|FALSE|(42.033456, -87.679538)
30091|S|Merchandise Mart (Loop-bound)|Merchandise Mart|Merchandise Mart (Brown & Purple Lines)|40460|TRUE|FALSE|FALSE|FALSE|TRUE|FALSE|TRUE|FALSE|FALSE|FALSE|(41.888969, -87.633924)
30090|N|Merchandise Mart (Kimball-Linden-bound)|Merchandise Mart|Merchandise Mart (Brown & Purple Lines)|40460|TRUE|FALSE|FALSE|FALSE|TRUE|FALSE|TRUE|FALSE|FALSE|FALSE|(41.888969, -87.633924)
30182|S|Midway (Arrival)|Midway|Midway (Orange Line)|40930|TRUE|FALSE|FALSE|FALSE|FALSE|FALSE|FALSE|FALSE|FALSE|TRUE|(41.78661, -87.737875)
30181|N|Midway (Loop-bound)|Midway|Midway (Orange Line)|40930|TRUE|FALSE|FALSE|FALSE|FALSE|FALSE|FALSE|FALSE|FALSE|TRUE|(41.78661, -87.737875)
30153|N|Monroe (O'Hare-bound)|Monroe|Monroe (Blue Line)|40790|FALSE|FALSE|TRUE|FALSE|FALSE|FALSE|FALSE|FALSE|FALSE|FALSE|(41.880703, -87.629378)
30211|N|Monroe (Howard-bound)|Monroe|Monroe (Red Line)|41090|FALSE|TRUE|FALSE|FALSE|FALSE|FALSE|FALSE|FALSE|FALSE|FALSE|(41.880745, -87.627696)
30212|S|Monroe (95th-bound)|Monroe|Monroe (Red Line)|41090|FALSE|TRUE|FALSE|FALSE|FALSE|FALSE|FALSE|FALSE|FALSE|FALSE|(41.880745, -87.627696)
30154|S|Monroe (Forest Pk-bound)|Monroe|Monroe (Blue Line)|40790|FALSE|FALSE|TRUE|FALSE|FALSE|FALSE|FALSE|FALSE|FALSE|FALSE|(41.880703, -87.629378)
30260|S|Montrose (Forest Pk-bound)|Montrose|Montrose (Blue Line)|41330|FALSE|FALSE|TRUE|FALSE|FALSE|FALSE|FALSE|FALSE|FALSE|FALSE|(41.961539, -87.743574)
30259|N|Montrose (O'Hare-bound)|Montrose|Montrose (Blue Line)|41330|FALSE|FALSE|TRUE|FALSE|FALSE|FALSE|FALSE|FALSE|FALSE|FALSE|(41.961539, -87.743574)
30287|N|Montrose (Kimball-bound)|Montrose|Montrose (Brown Line)|41500|TRUE|FALSE|FALSE|FALSE|TRUE|FALSE|FALSE|FALSE|FALSE|FALSE|(41.961756, -87.675047)
30288|S|Montrose (Loop-bound)|Montrose|Montrose (Brown Line)|41500|TRUE|FALSE|FALSE|FALSE|TRUE|FALSE|FALSE|FALSE|FALSE|FALSE|(41.961756, -87.675047)
30296|W|Morgan (Harlem-54th/Cermak-bound)|Morgan|Morgan (Green & Pink Lines)|41510|TRUE|FALSE|FALSE|TRUE|FALSE|FALSE|FALSE|FALSE|TRUE|FALSE|(41.885586, -87.652193)
30295|E|Morgan (Loop-63rd-bound)|Morgan|Morgan (Green & Pink Lines)|41510|TRUE|FALSE|FALSE|TRUE|FALSE|FALSE|FALSE|FALSE|TRUE|FALSE|(41.885586, -87.652193)
30020|N|Morse (Howard-bound)|Morse|Morse (Red Line)|40100|FALSE|TRUE|FALSE|FALSE|FALSE|FALSE|FALSE|FALSE|FALSE|FALSE|(42.008362, -87.665909)
30021|S|Morse (95th-bound)|Morse|Morse (Red Line)|40100|FALSE|TRUE|FALSE|FALSE|FALSE|FALSE|FALSE|FALSE|FALSE|FALSE|(42.008362, -87.665909)
30125|N|North/Clybourn (Howard-bound)|North/Clybourn|North/Clybourn (Red Line)|40650|FALSE|TRUE|FALSE|FALSE|FALSE|FALSE|FALSE|FALSE|FALSE|FALSE|(41.910655, -87.649177)
30126|S|North/Clybourn (95th-bound)|North/Clybourn|North/Clybourn (Red Line)|40650|FALSE|TRUE|FALSE|FALSE|FALSE|FALSE|FALSE|FALSE|FALSE|FALSE|(41.910655, -87.649177)
30079|S|Noyes (Howard-Loop-bound)|Noyes|Noyes (Purple Line)|40400|FALSE|FALSE|FALSE|FALSE|FALSE|TRUE|TRUE|FALSE|FALSE|FALSE|(42.058282, -87.683337)
30078|N|Noyes (Linden-bound)|Noyes|Noyes (Purple Line)|40400|FALSE|FALSE|FALSE|FALSE|FALSE|TRUE|TRUE|FALSE|FALSE|FALSE|(42.058282, -87.683337)
30263|E|Oak Park (63rd-bound)|Oak Park|Oak Park (Green Line)|41350|FALSE|FALSE|FALSE|TRUE|FALSE|FALSE|FALSE|FALSE|FALSE|FALSE|(41.886988, -87.793783)
30035|W|Oak Park (Forest Pk-bound)|Oak Park|Oak Park (Blue Line)|40180|FALSE|FALSE|TRUE|FALSE|FALSE|FALSE|FALSE|FALSE|FALSE|FALSE|(41.872108, -87.791602)
30034|E|Oak Park (O'Hare-bound)|Oak Park|Oak Park (Blue Line)|40180|FALSE|FALSE|TRUE|FALSE|FALSE|FALSE|FALSE|FALSE|FALSE|FALSE|(41.872108, -87.791602)
30264|W|Oak Park (Harlem-bound)|Oak Park|Oak Park (Green Line)|41350|FALSE|FALSE|FALSE|TRUE|FALSE|FALSE|FALSE|FALSE|FALSE|FALSE|(41.886988, -87.793783)
30298|S|Oakton-Skokie (Howard-bound)|Oakton-Skokie|Oakton-Skokie (Yellow Line)|41680|TRUE|FALSE|FALSE|FALSE|FALSE|FALSE|FALSE|TRUE|FALSE|FALSE|(42.02624348, -87.74722084)
30297|N|Oakton-Skokie (Dempster-Skokie-bound)|Oakton-Skokie|Oakton-Skokie (Yellow Line)|41680|TRUE|FALSE|FALSE|FALSE|FALSE|FALSE|FALSE|TRUE|FALSE|FALSE|(42.02624348, -87.74722084)
30172|S|O'Hare (Forest Pk-bound)|O'Hare|O'Hare (Blue Line)|40890|TRUE|FALSE|TRUE|FALSE|FALSE|FALSE|FALSE|FALSE|FALSE|FALSE|(41.97766526, -87.90422307)
30171|N|O'Hare (Terminal Arrival)|O'Hare|O'Hare (Blue Line)|40890|TRUE|FALSE|TRUE|FALSE|FALSE|FALSE|FALSE|FALSE|FALSE|FALSE|(41.97766526, -87.90422307)
30254|S|Paulina (Loop-bound)|Paulina|Paulina (Brown Line)|41310|TRUE|FALSE|FALSE|FALSE|TRUE|FALSE|FALSE|FALSE|FALSE|FALSE|(41.943623, -87.670907)
30253|N|Paulina (Kimball-bound)|Paulina|Paulina (Brown Line)|41310|TRUE|FALSE|FALSE|FALSE|TRUE|FALSE|FALSE|FALSE|FALSE|FALSE|(41.943623, -87.670907)
30200|W|Polk (54th/Cermak-bound)|Polk|Polk (Pink Line)|41030|TRUE|FALSE|FALSE|FALSE|FALSE|FALSE|FALSE|FALSE|TRUE|FALSE|(41.871551, -87.66953)
30199|E|Polk (Loop-bound)|Polk|Polk (Pink Line)|41030|TRUE|FALSE|FALSE|FALSE|FALSE|FALSE|FALSE|FALSE|TRUE|FALSE|(41.871551, -87.66953)
30028|E|Pulaski (Loop-bound)|Pulaski|Pulaski (Pink Line)|40150|TRUE|FALSE|FALSE|FALSE|FALSE|FALSE|FALSE|FALSE|TRUE|FALSE|(41.853732, -87.724311)
30185|N|Pulaski (Loop-bound)|Pulaski|Pulaski (Orange Line)|40960|TRUE|FALSE|FALSE|FALSE|FALSE|FALSE|FALSE|FALSE|FALSE|TRUE|(41.799756, -87.724493)
30186|S|Pulaski (Midway-bound)|Pulaski|Pulaski (Orange Line)|40960|TRUE|FALSE|FALSE|FALSE|FALSE|FALSE|FALSE|FALSE|FALSE|TRUE|(41.799756, -87.724493)
30029|W|Pulaski (54th/Cermak-bound)|Pulaski|Pulaski (Pink Line)|40150|TRUE|FALSE|FALSE|FALSE|FALSE|FALSE|FALSE|FALSE|TRUE|FALSE|(41.853732, -87.724311)
30180|W|Pulaski (Forest Pk-bound)|Pulaski|Pulaski (Blue Line)|40920|FALSE|FALSE|TRUE|FALSE|FALSE|FALSE|FALSE|FALSE|FALSE|FALSE|(41.873797, -87.725663)
30179|E|Pulaski (O'Hare-bound)|Pulaski|Pulaski (Blue Line)|40920|FALSE|FALSE|TRUE|FALSE|FALSE|FALSE|FALSE|FALSE|FALSE|FALSE|(41.873797, -87.725663)
30005|E|Pulaski (63rd-bound)|Pulaski|Pulaski (Green Line)|40030|TRUE|FALSE|FALSE|TRUE|FALSE|FALSE|FALSE|FALSE|FALSE|FALSE|(41.885412, -87.725404)
30006|W|Pulaski (Harlem-bound)|Pulaski|Pulaski (Green Line)|40030|TRUE|FALSE|FALSE|TRUE|FALSE|FALSE|FALSE|FALSE|FALSE|FALSE|(41.885412, -87.725404)
30007|N|Quincy/Wells (Inner Loop)|Quincy/Wells|Quincy/Wells (Brown, Orange, Purple & Pink Lines)|40040|FALSE|FALSE|FALSE|FALSE|FALSE|FALSE|TRUE|FALSE|TRUE|TRUE|(41.878723, -87.63374)
30008|S|Quincy/Wells (Outer Loop)|Quincy/Wells|Quincy/Wells (Brown, Orange, Purple & Pink Lines)|40040|FALSE|FALSE|FALSE|FALSE|TRUE|FALSE|FALSE|FALSE|FALSE|FALSE|(41.878723, -87.63374)
30093|W|Racine (Forest Pk-bound)|Racine|Racine (Blue Line)|40470|FALSE|FALSE|TRUE|FALSE|FALSE|FALSE|FALSE|FALSE|FALSE|FALSE|(41.87592, -87.659458)
30092|E|Racine (O'Hare-bound)|Racine|Racine (Blue Line)|40470|FALSE|FALSE|TRUE|FALSE|FALSE|FALSE|FALSE|FALSE|FALSE|FALSE|(41.87592, -87.659458)
30038|N|Randolph/Wabash (Outer Loop)|Randolph/Wabash|Randolph/Wabash (Brown, Green, Orange, Pink & Purple Lines)|40200|FALSE|FALSE|FALSE|TRUE|TRUE|FALSE|FALSE|FALSE|FALSE|FALSE|(41.884431, -87.626149)
30039|S|Randolph/Wabash (Inner Loop)|Randolph/Wabash|Randolph/Wabash (Brown, Green, Orange, Pink & Purple Lines)|40200|FALSE|FALSE|FALSE|TRUE|FALSE|FALSE|TRUE|FALSE|TRUE|TRUE|(41.884431, -87.626149)
30120|W|Ridgeland (Harlem-bound)|Ridgeland|Ridgeland (Green Line)|40610|FALSE|FALSE|FALSE|TRUE|FALSE|FALSE|FALSE|FALSE|FALSE|FALSE|(41.887159, -87.783661)
30119|E|Ridgeland (63rd-bound)|Ridgeland|Ridgeland (Green Line)|40610|FALSE|FALSE|FALSE|TRUE|FALSE|FALSE|FALSE|FALSE|FALSE|FALSE|(41.887159, -87.783661)
30196|S|Rockwell (Loop-bound)|Rockwell|Rockwell (Brown Line)|41010|TRUE|FALSE|FALSE|FALSE|TRUE|FALSE|FALSE|FALSE|FALSE|FALSE|(41.966115, -87.6941)
30195|N|Rockwell (Kimball-bound)|Rockwell|Rockwell (Brown Line)|41010|TRUE|FALSE|FALSE|FALSE|TRUE|FALSE|FALSE|FALSE|FALSE|FALSE|(41.966115, -87.6941)
30081|S|Roosevelt (Midway-63rd-bound)|Roosevelt|Roosevelt (Red, Orange & Green Lines)|41400|TRUE|FALSE|FALSE|TRUE|FALSE|FALSE|FALSE|FALSE|FALSE|TRUE|(41.867405, -87.62659)
30080|N|Roosevelt (Loop-Harlem-bound)|Roosevelt|Roosevelt (Red, Orange & Green Lines)|41400|TRUE|FALSE|FALSE|TRUE|FALSE|FALSE|FALSE|FALSE|FALSE|TRUE|(41.867405, -87.62659)
30269|N|Roosevelt (Howard-bound)|Roosevelt|Roosevelt (Red, Orange & Green Lines)|41400|TRUE|TRUE|FALSE|FALSE|FALSE|FALSE|FALSE|FALSE|FALSE|FALSE|(41.867368, -87.627402)
30270|S|Roosevelt (95th-bound)|Roosevelt|Roosevelt (Red, Orange & Green Lines)|41400|TRUE|TRUE|FALSE|FALSE|FALSE|FALSE|FALSE|FALSE|FALSE|FALSE|(41.867368, -87.627402)
30159|N|Rosemont (O'Hare-bound)|Rosemont|Rosemont (Blue Line)|40820|TRUE|FALSE|TRUE|FALSE|FALSE|FALSE|FALSE|FALSE|FALSE|FALSE|(41.983507, -87.859388)
30160|S|Rosemont (Forest Pk-bound)|Rosemont|Rosemont (Blue Line)|40820|TRUE|FALSE|TRUE|FALSE|FALSE|FALSE|FALSE|FALSE|FALSE|FALSE|(41.983507, -87.859388)
30155|N|Sedgwick (Kimball-Linden-bound)|Sedgwick|Sedgwick (Brown & Purple Lines)|40800|TRUE|FALSE|FALSE|FALSE|TRUE|FALSE|TRUE|FALSE|FALSE|FALSE|(41.910409, -87.639302)
30156|S|Sedgwick (Loop-bound)|Sedgwick|Sedgwick (Brown & Purple Lines)|40800|TRUE|FALSE|FALSE|FALSE|TRUE|FALSE|TRUE|FALSE|FALSE|FALSE|(41.910409, -87.639302)
30017|S|Sheridan (95th-bound)|Sheridan|Sheridan (Red Line)|40080|FALSE|TRUE|FALSE|FALSE|FALSE|FALSE|FALSE|FALSE|FALSE|FALSE|(41.953775, -87.654929)
30016|N|Sheridan (Howard-bound)|Sheridan|Sheridan (Red Line)|40080|FALSE|TRUE|FALSE|FALSE|FALSE|FALSE|FALSE|FALSE|FALSE|FALSE|(41.953775, -87.654929)
30293|N|Sheridan (Howard-Linden-bound)|Sheridan|Sheridan (Red Line)|40080|FALSE|FALSE|FALSE|FALSE|FALSE|FALSE|FALSE|FALSE|FALSE|FALSE|(41.953775, -87.654929)
30294|S|Sheridan (Loop-bound)|Sheridan|Sheridan (Red Line)|40080|FALSE|FALSE|FALSE|FALSE|FALSE|FALSE|FALSE|FALSE|FALSE|FALSE|(41.953775, -87.654929)
30163|N|South Blvd (Linden-bound)|South Boulevard|South Boulevard (Purple Line)|40840|FALSE|FALSE|FALSE|FALSE|FALSE|TRUE|TRUE|FALSE|FALSE|FALSE|(42.027612, -87.678329)
30164|S|South Blvd (Howard-Loop-bound)|South Boulevard|South Boulevard (Purple Line)|40840|FALSE|FALSE|FALSE|FALSE|FALSE|TRUE|TRUE|FALSE|FALSE|FALSE|(42.027612, -87.678329)
30070|N|Southport (Kimball-bound)|Southport|Southport (Brown Line)|40360|TRUE|FALSE|FALSE|FALSE|TRUE|FALSE|FALSE|FALSE|FALSE|FALSE|(41.943744, -87.663619)
30071|S|Southport (Loop-bound)|Southport|Southport (Brown Line)|40360|TRUE|FALSE|FALSE|FALSE|TRUE|FALSE|FALSE|FALSE|FALSE|FALSE|(41.943744, -87.663619)
30036|N|Sox-35th (Howard-bound)|Sox-35th|Sox-35th (Red Line)|40190|TRUE|TRUE|FALSE|FALSE|FALSE|FALSE|FALSE|FALSE|FALSE|FALSE|(41.831191, -87.630636)
30037|S|Sox-35th (95th-bound)|Sox-35th|Sox-35th (Red Line)|40190|TRUE|TRUE|FALSE|FALSE|FALSE|FALSE|FALSE|FALSE|FALSE|FALSE|(41.831191, -87.630636)
30051|W|State/Lake (Outer Loop)|State/Lake|State/Lake (Brown, Green, Orange, Pink & Purple Lines)|40260|FALSE|FALSE|FALSE|TRUE|TRUE|FALSE|FALSE|FALSE|FALSE|FALSE|(41.88574, -87.627835)
30050|E|State/Lake (Inner Loop)|State/Lake|State/Lake (Brown, Green, Orange, Pink & Purple Lines)|40260|FALSE|FALSE|FALSE|TRUE|FALSE|FALSE|TRUE|FALSE|TRUE|TRUE|(41.88574, -87.627835)
30170|S|Thorndale (95th-bound)|Thorndale|Thorndale (Red Line)|40880|FALSE|TRUE|FALSE|FALSE|FALSE|FALSE|FALSE|FALSE|FALSE|FALSE|(41.990259, -87.659076)
30169|N|Thorndale (Howard-bound)|Thorndale|Thorndale (Red Line)|40880|FALSE|TRUE|FALSE|FALSE|FALSE|FALSE|FALSE|FALSE|FALSE|FALSE|(41.990259, -87.659076)
30069|W|UIC-Halsted (Forest Pk-bound)|UIC-Halsted|UIC-Halsted (Blue Line)|40350|TRUE|FALSE|TRUE|FALSE|FALSE|FALSE|FALSE|FALSE|FALSE|FALSE|(41.875474, -87.649707)
30068|E|UIC-Halsted (O'Hare-bound)|UIC-Halsted|UIC-Halsted (Blue Line)|40350|TRUE|FALSE|TRUE|FALSE|FALSE|FALSE|FALSE|FALSE|FALSE|FALSE|(41.875474, -87.649707)
30073|S|Washington (Forest Pk-bound)|Washington|Washington (Blue Line)|40370|FALSE|FALSE|TRUE|FALSE|FALSE|FALSE|FALSE|FALSE|FALSE|FALSE|(41.883164, -87.62944)
30072|N|Washington (O'Hare-bound)|Washington|Washington (Blue Line)|40370|FALSE|FALSE|TRUE|FALSE|FALSE|FALSE|FALSE|FALSE|FALSE|FALSE|(41.883164, -87.62944)
30141|N|Washington/Wells (Inner Loop)|Washington/Wells|Washington/Wells (Brown, Orange, Purple & Pink Lines)|40730|TRUE|FALSE|FALSE|FALSE|FALSE|FALSE|TRUE|FALSE|TRUE|TRUE|(41.882695, -87.63378)
30142|S|Washington/Wells (Outer Loop)|Washington/Wells|Washington/Wells (Brown, Orange, Purple & Pink Lines)|40730|TRUE|FALSE|FALSE|FALSE|TRUE|FALSE|FALSE|FALSE|FALSE|FALSE|(41.882695, -87.63378)
30231|N|Wellington (Kimball-Linden-bound)|Wellington|Wellington (Brown & Purple Lines)|41210|TRUE|FALSE|FALSE|FALSE|TRUE|FALSE|TRUE|FALSE|FALSE|FALSE|(41.936033, -87.653266)
30232|S|Wellington (Loop-bound)|Wellington|Wellington (Brown & Purple Lines)|41210|TRUE|FALSE|FALSE|FALSE|TRUE|FALSE|TRUE|FALSE|FALSE|FALSE|(41.936033, -87.653266)
30129|N|Western (O'Hare Branch) (O'Hare-bound)|Western|Western (Blue Line - O'Hare Branch)|40670|TRUE|FALSE|TRUE|FALSE|FALSE|FALSE|FALSE|FALSE|FALSE|FALSE|(41.916157, -87.687364)
30284|S|Western (Loop-bound)|Western|Western (Brown Line)|41480|TRUE|FALSE|FALSE|FALSE|TRUE|FALSE|FALSE|FALSE|FALSE|FALSE|(41.966163, -87.688502)
30283|N|Western (Kimball-bound)|Western|Western (Brown Line)|41480|TRUE|FALSE|FALSE|FALSE|TRUE|FALSE|FALSE|FALSE|FALSE|FALSE|(41.966163, -87.688502)
30143|E|Western (Loop-bound)|Western|Western (Pink Line)|40740|TRUE|FALSE|FALSE|FALSE|FALSE|FALSE|FALSE|FALSE|TRUE|FALSE|(41.854225, -87.685129)
30144|W|Western (54th/Cermak-bound)|Western|Western (Pink Line)|40740|TRUE|FALSE|FALSE|FALSE|FALSE|FALSE|FALSE|FALSE|TRUE|FALSE|(41.854225, -87.685129)
30061|S|Western (Midway-bound)|Western|Western (Orange Line)|40310|TRUE|FALSE|FALSE|FALSE|FALSE|FALSE|FALSE|FALSE|FALSE|TRUE|(41.804546, -87.684019)
30060|N|Western (Loop-bound)|Western|Western (Orange Line)|40310|TRUE|FALSE|FALSE|FALSE|FALSE|FALSE|FALSE|FALSE|FALSE|TRUE|(41.804546, -87.684019)
30130|S|Western (O'Hare Branch) (Forest Pk-bound)|Western|Western (Blue Line - O'Hare Branch)|40670|TRUE|FALSE|TRUE|FALSE|FALSE|FALSE|FALSE|FALSE|FALSE|FALSE|(41.916157, -87.687364)
30042|E|Western (Forest Pk Branch) (O'Hare-bound)|Western|Western (Blue Line - Forest Park Branch)|40220|FALSE|FALSE|TRUE|FALSE|FALSE|FALSE|FALSE|FALSE|FALSE|FALSE|(41.875478, -87.688436)
30043|W|Western (Forest Pk Branch) (Forest Pk-bound)|Western|Western (Blue Line - Forest Park Branch)|40220|FALSE|FALSE|TRUE|FALSE|FALSE|FALSE|FALSE|FALSE|FALSE|FALSE|(41.875478, -87.688436)
30106|S|Wilson (95th-bound)|Wilson|Wilson (Red Line)|40540|FALSE|TRUE|FALSE|FALSE|FALSE|FALSE|FALSE|FALSE|FALSE|FALSE|(41.964273, -87.657588)
30105|N|Wilson (Howard-bound)|Wilson|Wilson (Red Line)|40540|FALSE|TRUE|FALSE|FALSE|FALSE|FALSE|FALSE|FALSE|FALSE|FALSE|(41.964273, -87.657588)
